{"count":1,"gauges":{"CleverPedestrian.CumulativeReward":{"count":10,"max":1.23596156,"min":1.14585292,"value":1.21474051,"weightedAverage":1.18813491}},"self":40.0974368,"total":48.671708699999996,"children":{"AgentSendState":{"count":2424,"self":0.1089242,"total":0.142032,"children":{"CollectObservations":{"count":2424,"self":0.0190968,"total":0.0190968,"children":null},"CollectDiscreteActionMasks":{"count":2424,"self":0.014011,"total":0.014011,"children":null}}},"DecideAction":{"count":2424,"self":7.9752456,"total":8.281093499999999,"children":{"RayPerceptionSensor.Perceive":{"count":2424,"self":0.3058481,"total":0.3058481,"children":null}}},"AgentAct":{"count":2424,"self":0.15014529999999998,"total":0.15014529999999998,"children":null}}}