{"count":1,"gauges":{"CleverPedestrian.CumulativeReward":{"count":17,"max":1.12478948,"min":1,"value":1.12229919,"weightedAverage":1.07389951}},"self":25.4443776,"total":31.2372914,"children":{"AgentSendState":{"count":1549,"self":0.0710138,"total":0.0880738,"children":{"CollectObservations":{"count":1549,"self":0.012055999999999999,"total":0.012055999999999999,"children":null},"CollectDiscreteActionMasks":{"count":1549,"self":0.005004,"total":0.005004,"children":null}}},"DecideAction":{"count":1549,"self":5.3167512,"total":5.5917468999999995,"children":{"RayPerceptionSensor.Perceive":{"count":1549,"self":0.2749956,"total":0.2749956,"children":null}}},"AgentAct":{"count":1549,"self":0.11209179999999999,"total":0.11209179999999999,"children":null}}}